model,include_sensitive,sensitive_attribute,accuracy,f1,train_time_sec,prediction_time_sec,dp_gap,cf_flip_rate,cf_flips,dp_rates
tree,True,Asal_Daerah,0.855,0.7289719626168224,0.03792095184326172,0.009304285049438477,0.10991022400418374,,,"{'3T': 0.3246753246753247, 'Pedesaan': 0.21476510067114093, 'Perkotaan': 0.28160919540229884}"
tree,False,Asal_Daerah,0.855,0.7289719626168224,0.10326004028320312,0.008372068405151367,,,,{}
logreg,True,Asal_Daerah,0.915,0.839622641509434,0.0520780086517334,0.009538888931274414,0.052456992980020045,,,"{'3T': 0.24675324675324675, 'Pedesaan': 0.2348993288590604, 'Perkotaan': 0.28735632183908044}"
logreg,False,Asal_Daerah,0.9175,0.8450704225352113,0.04106497764587402,0.008665084838867188,,,,{}
